"Stkcd","ShortName","Accper","Typrep","A001000000","A002000000"
"000001","平安银行","2017-01-01","A","2953434000000.00","2751263000000.00"
"000001","平安银行","2017-03-31","A","3006195000000.00","2798456000000.00"
"000001","平安银行","2017-06-30","A","3092142000000.00","2880688000000.00"
"000001","平安银行","2017-09-30","A","3137481000000.00","2919370000000.00"
"000001","平安银行","2017-12-31","A","3248474000000.00","3026420000000.00"
"000001","平安银行","2018-01-01","A","3248474000000.00","3026420000000.00"
"000001","平安银行","2018-03-31","A","3338572000000.00","3115181000000.00"
"000001","平安银行","2018-06-30","A","3367399000000.00","3139258000000.00"
"000001","平安银行","2018-09-30","A","3352056000000.00","3116825000000.00"
"000001","平安银行","2018-12-31","A","3418592000000.00","3178550000000.00"
"000001","平安银行","2019-01-01","A","3418592000000.00","3178550000000.00"
"000001","平安银行","2019-03-31","A","3530180000000.00","3279242000000.00"
"000001","平安银行","2019-06-30","A","3590766000000.00","3334163000000.00"
"000001","平安银行","2019-09-30","A","3707683000000.00","3419610000000.00"
"000001","平安银行","2019-12-31","A","3939070000000.00","3626087000000.00"
"000001","平安银行","2020-01-01","A","3939070000000.00","3626087000000.00"
"000001","平安银行","2020-01-01","B","3939070000000.00","3626087000000.00"
"000001","平安银行","2020-03-31","A","4132298000000.00","3779943000000.00"
"000001","平安银行","2020-06-30","A","4178622000000.00","3827225000000.00"
"000001","平安银行","2020-09-30","A","4346921000000.00","3988150000000.00"
"000001","平安银行","2020-09-30","B","4349421000000.00","3990654000000.00"
"000001","平安银行","2020-12-31","A","4468514000000.00","4104383000000.00"
"000001","平安银行","2020-12-31","B","4468779000000.00","4104819000000.00"
"000001","平安银行","2021-01-01","A","4468514000000.00","4104383000000.00"
"000001","平安银行","2021-01-01","B","4468779000000.00","4104819000000.00"
"000001","平安银行","2021-03-31","A","4572974000000.00","4200357000000.00"
"000001","平安银行","2021-03-31","B","4572927000000.00","4200929000000.00"
"000001","平安银行","2021-06-30","A","4723520000000.00","4346327000000.00"
"000001","平安银行","2021-06-30","B","4722747000000.00","4346543000000.00"
"000001","平安银行","2021-09-30","A","4853074000000.00","4464216000000.00"
"000001","平安银行","2021-09-30","B","4852771000000.00","4465078000000.00"
"000001","平安银行","2021-12-31","A","4921380000000.00","4525932000000.00"
"000001","平安银行","2021-12-31","B","4921073000000.00","4527406000000.00"
"000001","平安银行","2022-01-01","A","4921380000000.00","4525932000000.00"
"000001","平安银行","2022-01-01","B","4921073000000.00","4527406000000.00"
"000001","平安银行","2022-03-31","A","5117949000000.00","4711774000000.00"
"000001","平安银行","2022-03-31","B","5116671000000.00","4712517000000.00"
"000001","平安银行","2022-06-30","A","5108776000000.00","4696678000000.00"
"000001","平安银行","2022-06-30","B","5107033000000.00","4697111000000.00"
"000001","平安银行","2022-09-30","A","5195133000000.00","4769749000000.00"
"000001","平安银行","2022-09-30","B","5192911000000.00","4769870000000.00"
"000001","平安银行","2022-12-31","A","5321514000000.00","4886834000000.00"
"000001","平安银行","2022-12-31","B","5319138000000.00","4888117000000.00"
"000002","万科A","2017-01-01","A","830674213924.14","668997642643.14"
"000002","万科A","2017-01-01","B","220513275411.99","158168002617.12"
"000002","万科A","2017-03-31","A","886753515225.75","724767498902.75"
"000002","万科A","2017-03-31","B","242086139071.20","180016259202.39"
"000002","万科A","2017-06-30","A","929265916207.12","768108159850.60"
"000002","万科A","2017-06-30","B","269323195148.07","202792715146.22"
"000002","万科A","2017-09-30","A","1018381990533.10","850656698669.71"
"000002","万科A","2017-09-30","B","287429925449.22","220852408622.84"
"000002","万科A","2017-12-31","A","1165346917804.55","978672978646.26"
"000002","万科A","2017-12-31","B","330230503667.51","263168944973.15"
"000002","万科A","2018-01-01","A","1165346917804.55","978672978646.26"
"000002","万科A","2018-01-01","B","330230503667.51","263168944973.15"
"000002","万科A","2018-03-31","A","1224264792316.36","1028927389931.85"
"000002","万科A","2018-03-31","B","326707776157.69","259423046871.83"
"000002","万科A","2018-06-30","A","1345151635212.87","1139367483490.15"
"000002","万科A","2018-06-30","B","411953875546.82","329967546967.52"
"000002","万科A","2018-09-30","A","1432222053278.00","1216330293681.77"
"000002","万科A","2018-09-30","B","419947736917.83","338599535109.34"
"000002","万科A","2018-12-31","A","1528579356474.81","1292958626477.23"
"000002","万科A","2018-12-31","B","456382211534.77","376269541216.50"
"000002","万科A","2019-01-01","A","1528579356474.81","1292958626477.23"
"000002","万科A","2019-01-01","B","456382211534.77","376269541216.50"
"000002","万科A","2019-03-31","A","1551166452530.90","1314977040559.00"
"000002","万科A","2019-03-31","B","445394633838.96","366004840622.79"
"000002","万科A","2019-06-30","A","1577056909941.26","1344589371133.80"
"000002","万科A","2019-06-30","B","491207755513.18","379261269560.25"
"000002","万科A","2019-09-30","A","1638763217307.92","1393911322007.67"
"000002","万科A","2019-09-30","B","491454387037.69","377991458096.78"
"000002","万科A","2019-12-31","A","1729929450401.23","1459350334988.27"
"000002","万科A","2019-12-31","B","447723719253.16","336728757974.47"
"000002","万科A","2020-01-01","A","1729929450401.23","1459350334988.27"
"000002","万科A","2020-01-01","B","447723719253.16","336728757974.47"
"000002","万科A","2020-03-31","A","1739794796342.85","1465683669930.90"
"000002","万科A","2020-03-31","B","479535432261.01","369290071842.59"
"000002","万科A","2020-06-30","A","1806186613769.10","1514930506717.89"
"000002","万科A","2020-06-30","B","526049095233.25","378095548940.71"
"000002","万科A","2020-09-30","A","1814465741941.72","1511823329619.30"
"000002","万科A","2020-09-30","B","479973334886.22","332163440910.91"
"000002","万科A","2020-12-31","A","1869177094005.55","1519332620662.33"
"000002","万科A","2020-12-31","B","481425827073.97","334091585968.56"
"000002","万科A","2021-01-01","A","1869177094005.55","1519332620662.33"
"000002","万科A","2021-01-01","B","481425827073.97","334091585968.56"
"000002","万科A","2021-03-31","A","1907860492718.95","1552428487851.48"
"000002","万科A","2021-03-31","B","481959577609.82","334559977604.72"
"000002","万科A","2021-06-30","A","1955046076839.62","1591325317456.80"
"000002","万科A","2021-06-30","B","505076774561.30","351232487773.87"
"000002","万科A","2021-09-30","A","1967403013063.62","1592472568518.44"
"000002","万科A","2021-12-31","A","1938638128699.08","1545865352173.99"
"000002","万科A","2021-12-31","B","508811629925.62","350922912690.25"
"000002","万科A","2022-01-01","A","1938638128699.08","1545865352173.99"
"000002","万科A","2022-01-01","B","508811629925.62","350922912690.25"
"000002","万科A","2022-03-31","A","1947369375453.95","1554059665756.77"
"000002","万科A","2022-06-30","A","1879202244259.10","1487493682256.50"
"000002","万科A","2022-06-30","B","544228434974.78","384349270703.68"
"000002","万科A","2022-09-30","A","1832624105913.53","1426655627128.92"
"000002","万科A","2022-12-31","A","1757124444202.95","1352132937796.74"
"000002","万科A","2022-12-31","B","545722828589.76","385748235325.69"
"000166","申万宏源","2017-01-01","A","275489262612.92","221416021674.13"
"000166","申万宏源","2017-01-01","B","54438492848.01","15792550306.24"
"000166","申万宏源","2017-03-31","A","279042482283.93","223887537182.36"
"000166","申万宏源","2017-03-31","B","52505567096.10","13846350367.15"
"000166","申万宏源","2017-06-30","A","282965740082.45","228622094351.77"
"000166","申万宏源","2017-06-30","B","52223443896.57","14587607263.86"
"000166","申万宏源","2017-09-30","A","288672944566.70","232391579801.43"
"000166","申万宏源","2017-09-30","B","52245206794.58","14618826394.99"
"000166","申万宏源","2017-12-31","A","299943298189.36","242937520017.23"
"000166","申万宏源","2017-12-31","B","53628853039.28","15965925895.13"
"000166","申万宏源","2018-01-01","A","299943298189.36","242937520017.23"
"000166","申万宏源","2018-01-01","B","53628853039.28","15965925895.13"
"000166","申万宏源","2018-03-31","A","326232734718.44","256449345516.70"
"000166","申万宏源","2018-03-31","B","65547775125.00","15887297281.10"
"000166","申万宏源","2018-06-30","A","336734844866.85","267564016340.08"
"000166","申万宏源","2018-06-30","B","65475607872.93","15299103389.77"
"000166","申万宏源","2018-09-30","A","348880748530.80","277985627687.14"
"000166","申万宏源","2018-09-30","B","72404347807.17","22229395599.86"
"000166","申万宏源","2018-12-31","A","347725034856.60","276529105779.02"
"000166","申万宏源","2018-12-31","B","71714699481.56","21538209301.27"
"000166","申万宏源","2019-01-01","A","347725034856.60","276529105779.02"
"000166","申万宏源","2019-01-01","B","71714699481.56","21538209301.27"
"000166","申万宏源","2019-03-31","A","375150996227.36","301935733215.94"
"000166","申万宏源","2019-03-31","B","72808569374.49","23657498121.66"
"000166","申万宏源","2019-06-30","A","379046820295.21","296978411634.53"
"000166","申万宏源","2019-06-30","B","81817616125.56","22978757431.21"
"000166","申万宏源","2019-09-30","A","372227645380.23","288587421483.20"
"000166","申万宏源","2019-09-30","B","79582597203.35","20640597315.40"
"000166","申万宏源","2019-12-31","A","388537264595.61","303705857701.99"
"000166","申万宏源","2019-12-31","B","84683076336.06","25961325249.81"
"000166","申万宏源","2020-01-01","A","388537264595.61","303705857701.99"
"000166","申万宏源","2020-01-01","B","84683076336.06","25961325249.81"
"000166","申万宏源","2020-03-31","A","416188402779.67","329666668441.82"
"000166","申万宏源","2020-03-31","B","84843482720.99","26147937704.06"
"000166","申万宏源","2020-06-30","A","441633888737.09","355333614626.48"
"000166","申万宏源","2020-06-30","B","86475285567.41","27645968358.29"
"000166","申万宏源","2020-09-30","A","472843549641.32","383931653589.05"
"000166","申万宏源","2020-09-30","B","83811915610.90","25050578199.31"
"000166","申万宏源","2020-12-31","A","491124275720.23","401033686262.09"
"000166","申万宏源","2020-12-31","B","83525370486.39","25075568089.74"
"000166","申万宏源","2021-01-01","A","491124275720.23","401033686262.09"
"000166","申万宏源","2021-01-01","B","83525370486.39","25075568089.74"
"000166","申万宏源","2021-03-31","A","499976096973.76","407725421837.89"
"000166","申万宏源","2021-03-31","B","85755058565.14","27309656592.00"
"000166","申万宏源","2021-06-30","A","520597661777.09","426634352707.01"
"000166","申万宏源","2021-06-30","B","86952303376.38","27833208100.37"
"000166","申万宏源","2021-09-30","A","570371867002.55","470106367681.02"
"000166","申万宏源","2021-12-31","A","601011467253.09","493956873232.83"
"000166","申万宏源","2021-12-31","B","84070910087.36","25157222067.52"
"000166","申万宏源","2022-01-01","A","601011467253.09","493956873232.83"
"000166","申万宏源","2022-01-01","B","84070910087.36","25157222067.52"
"000166","申万宏源","2022-03-31","A","619863397872.56","511901432048.55"
"000166","申万宏源","2022-06-30","A","624957963235.55","516988313524.72"
"000166","申万宏源","2022-06-30","B","90189348181.14","30751038492.73"
"000166","申万宏源","2022-09-30","A","617169198166.51","498511103281.62"
"000166","申万宏源","2022-12-31","A","613117024517.43","496437331652.35"
"000166","申万宏源","2022-12-31","B","83860981817.98","24739948509.00"
"002241","歌尔股份","2017-01-01","A","22912092546.16","12063660392.19"
"002241","歌尔股份","2017-01-01","B","19694014567.99","9232849882.71"
"002241","歌尔股份","2017-03-31","A","23514910360.17","12301696536.56"
"002241","歌尔股份","2017-03-31","B","20122245908.11","9482258825.99"
"002241","歌尔股份","2017-06-30","A","24845882429.25","11164416632.51"
"002241","歌尔股份","2017-06-30","B","21213940249.48","8238672200.88"
"002241","歌尔股份","2017-09-30","A","26136738027.75","11902022181.22"
"002241","歌尔股份","2017-09-30","B","23073591165.79","9537603638.13"
"002241","歌尔股份","2017-12-31","A","26570592215.26","11653119719.97"
"002241","歌尔股份","2017-12-31","B","24445699692.38","9602762898.72"
"002241","歌尔股份","2018-01-01","A","26570592215.26","11653119719.97"
"002241","歌尔股份","2018-01-01","B","24445699692.38","9602762898.72"
"002241","歌尔股份","2018-03-31","A","24917768263.09","9845730338.68"
"002241","歌尔股份","2018-03-31","B","22888743473.54","7982866607.00"
"002241","歌尔股份","2018-06-30","A","26313486734.61","11317924275.28"
"002241","歌尔股份","2018-06-30","B","23579562541.68","8817462849.86"
"002241","歌尔股份","2018-09-30","A","30034423710.65","14624277209.42"
"002241","歌尔股份","2018-09-30","B","26135381010.36","10937319237.77"
"002241","歌尔股份","2018-12-31","A","29742455325.45","14552708984.98"
"002241","歌尔股份","2018-12-31","B","26813156941.07","11659004035.75"
"002241","歌尔股份","2019-01-01","A","29742455325.45","14552708984.98"
"002241","歌尔股份","2019-01-01","B","26813156941.07","11659004035.75"
"002241","歌尔股份","2019-03-31","A","28788503121.17","13376440314.59"
"002241","歌尔股份","2019-03-31","B","26257707948.41","11022114409.18"
"002241","歌尔股份","2019-06-30","A","30924780306.29","15513550526.32"
"002241","歌尔股份","2019-06-30","B","27771026572.33","12584438790.13"
"002241","歌尔股份","2019-09-30","A","33508496892.58","17612975647.44"
"002241","歌尔股份","2019-09-30","B","29892124291.79","14439585930.00"
"002241","歌尔股份","2019-12-31","A","34660304627.21","18531099628.34"
"002241","歌尔股份","2019-12-31","B","31634301867.03","15744829056.93"
"002241","歌尔股份","2020-01-01","A","34660304627.21","18531099628.34"
"002241","歌尔股份","2020-01-01","B","31634301867.03","15744829056.93"
"002241","歌尔股份","2020-03-31","A","34246675169.50","18305966713.31"
"002241","歌尔股份","2020-03-31","B","28579916351.05","12960772400.62"
"002241","歌尔股份","2020-06-30","A","41019506561.87","24444138776.59"
"002241","歌尔股份","2020-06-30","B","32677191629.87","16662805469.33"
"002241","歌尔股份","2020-09-30","A","49873615204.82","31983107859.13"
"002241","歌尔股份","2020-09-30","B","36992374692.75","20615120738.54"
"002241","歌尔股份","2020-12-31","A","49117826313.41","29384155525.32"
"002241","歌尔股份","2020-12-31","B","36525359915.47","18013505366.15"
"002241","歌尔股份","2021-01-01","A","49117826313.41","29384155525.32"
"002241","歌尔股份","2021-01-01","B","36525359915.47","18013505366.15"
"002241","歌尔股份","2021-03-31","A","49000314799.46","24898546380.70"
"002241","歌尔股份","2021-03-31","B","36298388426.11","16063676658.26"
"002241","歌尔股份","2021-06-30","A","50118491608.77","25286817496.69"
"002241","歌尔股份","2021-06-30","B","38189204617.79","18259369799.72"
"002241","歌尔股份","2021-09-30","A","57292164619.69","30464632305.93"
"002241","歌尔股份","2021-12-31","A","61079051133.27","33147662425.00"
"002241","歌尔股份","2021-12-31","B","41967401163.66","21252595695.84"
"002241","歌尔股份","2022-01-01","A","61079051133.27","33147662425.00"
"002241","歌尔股份","2022-01-01","B","41967401163.66","21252595695.84"
"002241","歌尔股份","2022-03-31","A","58767183100.35","29744271400.18"
"002241","歌尔股份","2022-06-30","A","65080526769.04","34791805604.57"
"002241","歌尔股份","2022-06-30","B","46653464771.91","25084325746.87"
"002241","歌尔股份","2022-09-30","A","80486893723.97","47978851281.54"
"002241","歌尔股份","2022-12-31","A","77176355467.91","46918530513.73"
"002241","歌尔股份","2022-12-31","B","47188666812.39","26782571905.51"
"002415","海康威视","2017-01-01","A","41348428750.40","16869887264.87"
"002415","海康威视","2017-01-01","B","29845616206.56","6333392032.11"
"002415","海康威视","2017-03-31","A","42657819050.45","16657971342.48"
"002415","海康威视","2017-03-31","B","32880958947.34","7782947506.17"
"002415","海康威视","2017-06-30","A","41524934461.17","17288098889.05"
"002415","海康威视","2017-06-30","B","30912994148.82","7838233443.69"
"002415","海康威视","2017-09-30","A","44304408732.50","17133954546.87"
"002415","海康威视","2017-09-30","B","34348261274.85","8437040265.66"
"002415","海康威视","2017-12-31","A","51570963466.61","20966842028.52"
"002415","海康威视","2017-12-31","B","36333794055.51","7474570583.55"
"002415","海康威视","2018-01-01","A","51570963466.61","20966842028.52"
"002415","海康威视","2018-01-01","B","36333794055.51","7474570583.55"
"002415","海康威视","2018-03-31","A","50208262128.64","17765203308.10"
"002415","海康威视","2018-03-31","B","38141917065.26","7643290331.00"
"002415","海康威视","2018-06-30","A","50019711616.85","19786925106.68"
"002415","海康威视","2018-06-30","B","35578082643.06","7775851239.74"
"002415","海康威视","2018-09-30","A","54932903678.85","21352037549.37"
"002415","海康威视","2018-09-30","B","39675252028.48","8500317068.71"
"002415","海康威视","2018-12-31","A","63484352233.42","25520215857.00"
"002415","海康威视","2018-12-31","B","43661619673.37","9127825736.49"
"002415","海康威视","2019-01-01","A","63491508747.79","25528600681.55"
"002415","海康威视","2019-01-01","B","43661619673.37","9127825736.49"
"002415","海康威视","2019-03-31","A","60547762104.60","20961980552.49"
"002415","海康威视","2019-03-31","B","50297392593.42","14028105411.46"
"002415","海康威视","2019-06-30","A","64344901612.62","27412534764.08"
"002415","海康威视","2019-06-30","B","45398342670.67","11915536714.47"
"002415","海康威视","2019-09-30","A","68288828836.24","27273995295.03"
"002415","海康威视","2019-09-30","B","49386373246.84","12607670697.55"
"002415","海康威视","2019-12-31","A","75358000240.29","29885141355.15"
"002415","海康威视","2019-12-31","B","52214392639.62","11083422069.19"
"002415","海康威视","2020-01-01","A","75358000240.29","29885141355.15"
"002415","海康威视","2020-01-01","B","52214392639.62","11083422069.19"
"002415","海康威视","2020-03-31","A","73083912948.30","26094986234.52"
"002415","海康威视","2020-03-31","B","55848178420.17","13277272411.76"
"002415","海康威视","2020-06-30","A","71938322381.28","27691967125.13"
"002415","海康威视","2020-06-30","B","55205286211.38","15091222454.87"
"002415","海康威视","2020-09-30","A","79216734278.27","30862399079.08"
"002415","海康威视","2020-09-30","B","60821470540.49","15883038454.43"
"002415","海康威视","2020-12-31","A","88701682384.20","34221938983.66"
"002415","海康威视","2020-12-31","B","59598907695.21","10606802501.75"
"002415","海康威视","2021-01-01","A","88701682384.20","34221938983.66"
"002415","海康威视","2021-01-01","B","59598907695.21","10606802501.75"
"002415","海康威视","2021-03-31","A","86378576574.09","29461855509.08"
"002415","海康威视","2021-03-31","B","63383532744.33","11919626972.21"
"002415","海康威视","2021-06-30","A","87118829064.12","33136885138.10"
"002415","海康威视","2021-06-30","B","59668780658.30","11818688986.33"
"002415","海康威视","2021-09-30","A","96268052568.60","37221508176.58"
"002415","海康威视","2021-12-31","A","103864543195.18","38469900919.30"
"002415","海康威视","2021-12-31","B","65258551338.97","9377343726.28"
"002415","海康威视","2022-01-01","A","103864543195.18","38469900919.30"
"002415","海康威视","2022-01-01","B","65258551338.97","9377343726.28"
"002415","海康威视","2022-03-31","A","104433154852.05","36403655023.39"
"002415","海康威视","2022-06-30","A","104894333859.54","40504148223.81"
"002415","海康威视","2022-06-30","B","65843389248.66","12271978266.37"
"002415","海康威视","2022-09-30","A","110264398002.69","42382236116.30"
"002415","海康威视","2022-12-31","A","119233282761.47","46263128793.89"
"002415","海康威视","2022-12-31","B","68161237026.55","12036067058.53"
"600028","中国石化","2017-01-01","A","1498609000000.00","666084000000.00"
"600028","中国石化","2017-01-01","B","977725000000.00","408149000000.00"
"600028","中国石化","2017-03-31","A","1478917000000.00","625310000000.00"
"600028","中国石化","2017-03-31","B","952825000000.00","380505000000.00"
"600028","中国石化","2017-06-30","A","1487538000000.00","641712000000.00"
"600028","中国石化","2017-06-30","B","954231000000.00","398614000000.00"
"600028","中国石化","2017-09-30","A","1476655000000.00","631230000000.00"
"600028","中国石化","2017-09-30","B","938733000000.00","393951000000.00"
"600028","中国石化","2017-12-31","A","1595504000000.00","741434000000.00"
"600028","中国石化","2017-12-31","B","1002495000000.00","435226000000.00"
"600028","中国石化","2018-01-01","A","1595504000000.00","741434000000.00"
"600028","中国石化","2018-01-01","B","1002495000000.00","435226000000.00"
"600028","中国石化","2018-03-31","A","1572527000000.00","695211000000.00"
"600028","中国石化","2018-03-31","B","974919000000.00","402726000000.00"
"600028","中国石化","2018-06-30","A","1617304000000.00","759993000000.00"
"600028","中国石化","2018-06-30","B","928280000000.00","388459000000.00"
"600028","中国石化","2018-09-30","A","1662760000000.00","800035000000.00"
"600028","中国石化","2018-09-30","B","944542000000.00","415333000000.00"
"600028","中国石化","2018-12-31","A","1592308000000.00","734649000000.00"
"600028","中国石化","2018-12-31","B","931603000000.00","394407000000.00"
"600028","中国石化","2019-01-01","A","1592308000000.00","734649000000.00"
"600028","中国石化","2019-01-01","B","931603000000.00","394407000000.00"
"600028","中国石化","2019-03-31","A","1813445000000.00","931351000000.00"
"600028","中国石化","2019-03-31","B","1033596000000.00","490388000000.00"
"600028","中国石化","2019-06-30","A","1824845000000.00","956533000000.00"
"600028","中国石化","2019-06-30","B","1033529000000.00","514163000000.00"
"600028","中国石化","2019-09-30","A","1826336000000.00","953447000000.00"
"600028","中国石化","2019-09-30","B","1024795000000.00","510492000000.00"
"600028","中国石化","2019-12-31","A","1755071000000.00","878166000000.00"
"600028","中国石化","2019-12-31","B","1023763000000.00","493653000000.00"
"600028","中国石化","2020-01-01","A","1760286000000.00","881912000000.00"
"600028","中国石化","2020-01-01","B","1023763000000.00","493653000000.00"
"600028","中国石化","2020-03-31","A","1807539000000.00","959873000000.00"
"600028","中国石化","2020-03-31","B","1033607000000.00","528530000000.00"
"600028","中国石化","2020-06-30","A","1821639000000.00","990411000000.00"
"600028","中国石化","2020-06-30","B","1067762000000.00","582389000000.00"
"600028","中国石化","2020-09-30","A","1799388000000.00","929828000000.00"
"600028","中国石化","2020-09-30","B","1076436000000.00","570111000000.00"
"600028","中国石化","2020-12-31","A","1733805000000.00","849929000000.00"
"600028","中国石化","2020-12-31","B","1069943000000.00","547668000000.00"
"600028","中国石化","2021-01-01","A","1738896000000.00","850176000000.00"
"600028","中国石化","2021-01-01","B","1069943000000.00","547668000000.00"
"600028","中国石化","2021-03-31","A","1802144000000.00","891412000000.00"
"600028","中国石化","2021-03-31","B","1087784000000.00","560329000000.00"
"600028","中国石化","2021-06-30","A","1852964000000.00","945663000000.00"
"600028","中国石化","2021-06-30","B","1094319000000.00","579476000000.00"
"600028","中国石化","2021-09-30","A","1887282000000.00","976266000000.00"
"600028","中国石化","2021-09-30","B","1112790000000.00","597740000000.00"
"600028","中国石化","2021-12-31","A","1889255000000.00","973214000000.00"
"600028","中国石化","2021-12-31","B","1147784000000.00","621470000000.00"
"600028","中国石化","2022-01-01","A","1889255000000.00","973214000000.00"
"600028","中国石化","2022-01-01","B","1147784000000.00","621470000000.00"
"600028","中国石化","2022-03-31","A","2014107000000.00","1078299000000.00"
"600028","中国石化","2022-03-31","B","1151551000000.00","621442000000.00"
"600028","中国石化","2022-06-30","A","2059814000000.00","1128142000000.00"
"600028","中国石化","2022-06-30","B","1205945000000.00","690492000000.00"
"600028","中国石化","2022-09-30","A","2050519000000.00","1124982000000.00"
"600028","中国石化","2022-09-30","B","1179001000000.00","674830000000.00"
"600028","中国石化","2022-12-31","A","1948640000000.00","1011487000000.00"
"600028","中国石化","2022-12-31","B","1141670000000.00","636793000000.00"
"600519","贵州茅台","2017-01-01","A","112934538280.41","37035995425.69"
"600519","贵州茅台","2017-01-01","B","59660720918.65","23858171508.53"
"600519","贵州茅台","2017-03-31","A","118978719020.08","36524831704.50"
"600519","贵州茅台","2017-03-31","B","58633821389.71","21807353075.39"
"600519","贵州茅台","2017-06-30","A","120382739967.95","41319489297.49"
"600519","贵州茅台","2017-06-30","B","67575446555.82","31330838620.88"
"600519","贵州茅台","2017-09-30","A","127780036133.20","39399190859.07"
"600519","贵州茅台","2017-09-30","B","62207424479.78","24187935626.27"
"600519","贵州茅台","2017-12-31","A","134610116875.08","38590489400.00"
"600519","贵州茅台","2017-12-31","B","65073745359.19","26997554958.52"
"600519","贵州茅台","2018-01-01","A","134610116875.08","38590489400.00"
"600519","贵州茅台","2018-01-01","B","65073745359.19","26997554958.52"
"600519","贵州茅台","2018-03-31","A","134404941948.30","29255260792.92"
"600519","贵州茅台","2018-03-31","B","61025027427.96","22000763028.23"
"600519","贵州茅台","2018-06-30","A","129914832498.21","33410357927.63"
"600519","贵州茅台","2018-06-30","B","78006552853.94","2929750603.92"
"600519","贵州茅台","2018-09-30","A","147147672376.16","40990610327.23"
"600519","贵州茅台","2018-09-30","B","79573329736.82","3849421298.01"
"600519","贵州茅台","2018-12-31","A","159846674736.01","42438186813.48"
"600519","贵州茅台","2018-12-31","B","84974670627.89","8429142486.53"
"600519","贵州茅台","2019-01-01","A","159846674736.01","42438186813.48"
"600519","贵州茅台","2019-01-01","B","84974670627.89","8429142486.53"
"600519","贵州茅台","2019-03-31","A","159888176447.28","30566115048.51"
"600519","贵州茅台","2019-03-31","B","79883418581.32","2841113847.74"
"600519","贵州茅台","2019-06-30","A","165121648977.73","45514872823.37"
"600519","贵州茅台","2019-06-30","B","91356199256.01","3431415890.65"
"600519","贵州茅台","2019-09-30","A","162550409174.43","31728364035.10"
"600519","贵州茅台","2019-09-30","B","92174349328.22","3325448053.95"
"600519","贵州茅台","2019-12-31","A","183042372042.50","41165991813.85"
"600519","贵州茅台","2019-12-31","B","99996085369.41","10199639120.33"
"600519","贵州茅台","2020-01-01","A","183042372042.50","41165991813.85"
"600519","贵州茅台","2020-01-01","B","99996085369.41","10199639120.33"
"600519","贵州茅台","2020-03-31","A","181624733882.27","25889910825.91"
"600519","贵州茅台","2020-03-31","B","93148358662.58","2967240545.45"
"600519","贵州茅台","2020-06-30","A","172197875165.58","29679987489.44"
"600519","贵州茅台","2020-06-30","B","108000069009.72","3953895502.59"
"600519","贵州茅台","2020-09-30","A","184579196650.80","30407538525.41"
"600519","贵州茅台","2020-09-30","B","107343964945.13","3236844643.38"
"600519","贵州茅台","2020-12-31","A","213395810527.46","45675127426.18"
"600519","贵州茅台","2020-12-31","B","114644087360.56","10442172963.77"
"600519","贵州茅台","2021-01-01","A","213395810527.46","45675127426.18"
"600519","贵州茅台","2021-01-01","B","114644087360.56","10442172963.77"
"600519","贵州茅台","2021-03-31","A","215218185984.61","32728418219.03"
"600519","贵州茅台","2021-03-31","B","109727148662.94","4719322058.69"
"600519","贵州茅台","2021-06-30","A","212868536822.67","45304445091.20"
"600519","贵州茅台","2021-06-30","B","125996506486.04","4756107547.53"
"600519","贵州茅台","2021-09-30","A","224702253941.13","43887313587.77"
"600519","贵州茅台","2021-12-31","A","255168195159.90","58210688454.56"
"600519","贵州茅台","2021-12-31","B","143576118742.08","13930926408.36"
"600519","贵州茅台","2022-01-01","A","255168195159.90","58210688454.56"
"600519","贵州茅台","2022-01-01","B","143576118742.08","13930926408.36"
"600519","贵州茅台","2022-03-31","A","251301891385.48","36393614935.70"
"600519","贵州茅台","2022-06-30","A","239849179963.43","41392730000.97"
"600519","贵州茅台","2022-06-30","B","169008347216.01","8278396482.30"
"600519","贵州茅台","2022-09-30","A","247756923862.35","34310347852.50"
"600519","贵州茅台","2022-12-31","A","254364804995.25","49400116741.17"
"600519","贵州茅台","2022-12-31","B","161790947699.80","13097672871.91"
"601398","工商银行","2017-01-01","A","24137265000000.00","22156102000000.00"
"601398","工商银行","2017-01-01","B","22780041000000.00","20878151000000.00"
"601398","工商银行","2017-03-31","A","24904936000000.00","22859965000000.00"
"601398","工商银行","2017-03-31","B","23371588000000.00","21409342000000.00"
"601398","工商银行","2017-06-30","A","25514046000000.00","23483412000000.00"
"601398","工商银行","2017-06-30","B","24006907000000.00","22060951000000.00"
"601398","工商银行","2017-09-30","A","25764798000000.00","23663656000000.00"
"601398","工商银行","2017-09-30","B","24228797000000.00","22213941000000.00"
"601398","工商银行","2017-12-31","A","26087043000000.00","23945987000000.00"
"601398","工商银行","2017-12-31","B","24638760000000.00","22585711000000.00"
"601398","工商银行","2018-01-01","A","26087043000000.00","23945987000000.00"
"601398","工商银行","2018-01-01","B","24638760000000.00","22585711000000.00"
"601398","工商银行","2018-03-31","A","26493781000000.00","24308876000000.00"
"601398","工商银行","2018-03-31","B","24974531000000.00","22874108000000.00"
"601398","工商银行","2018-06-30","A","27303080000000.00","25110879000000.00"
"601398","工商银行","2018-06-30","B","25746404000000.00","23646825000000.00"
"601398","工商银行","2018-09-30","A","28198135000000.00","25917274000000.00"
"601398","工商银行","2018-09-30","B","26449980000000.00","24270484000000.00"
"601398","工商银行","2018-12-31","A","27699540000000.00","25354657000000.00"
"601398","工商银行","2018-12-31","B","26063901000000.00","23824295000000.00"
"601398","工商银行","2019-01-01","A","27699540000000.00","25354657000000.00"
"601398","工商银行","2019-01-01","B","26063901000000.00","23824295000000.00"
"601398","工商银行","2019-03-31","A","29246572000000.00","26817619000000.00"
"601398","工商银行","2019-03-31","B","27577740000000.00","25257299000000.00"
"601398","工商银行","2019-06-30","A","29990476000000.00","27561581000000.00"
"601398","工商银行","2019-06-30","B","28330393000000.00","26018828000000.00"
"601398","工商银行","2019-09-30","A","30426381000000.00","27755753000000.00"
"601398","工商银行","2019-09-30","B","28680038000000.00","26137193000000.00"
"601398","工商银行","2019-12-31","A","30109436000000.00","27417433000000.00"
"601398","工商银行","2019-12-31","B","28404849000000.00","25840039000000.00"
"601398","工商银行","2020-01-01","A","30109436000000.00","27417433000000.00"
"601398","工商银行","2020-01-01","B","28404849000000.00","25840039000000.00"
"601398","工商银行","2020-03-31","A","32094478000000.00","29314184000000.00"
"601398","工商银行","2020-03-31","B","30296414000000.00","27648063000000.00"
"601398","工商银行","2020-06-30","A","33112010000000.00","30365254000000.00"
"601398","工商银行","2020-06-30","B","31307365000000.00","28695637000000.00"
"601398","工商银行","2020-09-30","A","33471851000000.00","30649771000000.00"
"601398","工商银行","2020-09-30","B","31689645000000.00","28996857000000.00"
"601398","工商银行","2020-12-31","A","33345058000000.00","30435543000000.00"
"601398","工商银行","2020-12-31","B","31621939000000.00","28841131000000.00"
"601398","工商银行","2021-01-01","A","33345058000000.00","30435543000000.00"
"601398","工商银行","2021-01-01","B","31621939000000.00","28841131000000.00"
"601398","工商银行","2021-03-31","A","34367549000000.00","31373317000000.00"
"601398","工商银行","2021-03-31","B","32555762000000.00","29694744000000.00"
"601398","工商银行","2021-06-30","A","35136284000000.00","32089477000000.00"
"601398","工商银行","2021-06-30","B","33357291000000.00","30447969000000.00"
"601398","工商银行","2021-09-30","A","35398066000000.00","32234781000000.00"
"601398","工商银行","2021-09-30","B","33604694000000.00","30582138000000.00"
"601398","工商银行","2021-12-31","A","35171383000000.00","31896125000000.00"
"601398","工商银行","2021-12-31","B","33430697000000.00","30297602000000.00"
"601398","工商银行","2022-01-01","A","35171383000000.00","31896125000000.00"
"601398","工商银行","2022-01-01","B","33430697000000.00","30297602000000.00"
"601398","工商银行","2022-03-31","A","37296465000000.00","33941551000000.00"
"601398","工商银行","2022-03-31","B","35481943000000.00","32271416000000.00"
"601398","工商银行","2022-06-30","A","38744376000000.00","35411070000000.00"
"601398","工商银行","2022-06-30","B","36885980000000.00","33710442000000.00"
"601398","工商银行","2022-09-30","A","39550661000000.00","36121656000000.00"
"601398","工商银行","2022-09-30","B","37665396000000.00","34405122000000.00"
"601398","工商银行","2022-12-31","A","39609657000000.00","36095831000000.00"
"601398","工商银行","2022-12-31","B","37739288000000.00","34393656000000.00"
"603233","大参林","2017-01-01","A","3580128741.54","2238044173.54"
"603233","大参林","2017-01-01","B","2563815039.82","1925406469.70"
"603233","大参林","2017-06-30","A","3988429375.64","2375293867.25"
"603233","大参林","2017-06-30","B","2939821803.67","2255621868.13"
"603233","大参林","2017-09-30","A","5294833946.97","2610344443.91"
"603233","大参林","2017-09-30","B","4193200253.64","2528669317.91"
"603233","大参林","2017-12-31","A","5822764034.08","3020092624.34"
"603233","大参林","2017-12-31","B","4553659980.59","2833087197.88"
"603233","大参林","2018-01-01","A","5822764034.08","3020092624.34"
"603233","大参林","2018-01-01","B","4553659980.59","2833087197.88"
"603233","大参林","2018-03-31","A","5664048219.13","2701066143.68"
"603233","大参林","2018-03-31","B","4400523245.24","2640944435.88"
"603233","大参林","2018-06-30","A","5769048425.71","2904108954.42"
"603233","大参林","2018-06-30","B","4680808241.04","2861635928.69"
"603233","大参林","2018-09-30","A","6372288826.12","3389985190.03"
"603233","大参林","2018-09-30","B","5114126683.00","3237053656.14"
"603233","大参林","2018-12-31","A","6537022734.80","3450319553.67"
"603233","大参林","2018-12-31","B","4999892369.54","3062278142.91"
"603233","大参林","2019-01-01","A","6537022734.80","3450319553.67"
"603233","大参林","2019-01-01","B","4999892369.54","3062278142.91"
"603233","大参林","2019-03-31","A","6912014597.22","3624729936.01"
"603233","大参林","2019-03-31","B","5432406919.96","3444076943.07"
"603233","大参林","2019-06-30","A","7697734482.21","4297945168.31"
"603233","大参林","2019-06-30","B","6286046390.50","4053712959.39"
"603233","大参林","2019-09-30","A","7909617289.47","4330407242.65"
"603233","大参林","2019-09-30","B","6361267857.73","4078949932.79"
"603233","大参林","2019-12-31","A","8671927623.31","4340224505.19"
"603233","大参林","2019-12-31","B","6540775486.98","3635743686.03"
"603233","大参林","2020-01-01","A","8671927623.31","4340224505.19"
"603233","大参林","2020-01-01","B","6540775486.98","3635743686.03"
"603233","大参林","2020-03-31","A","9165407244.12","4328965751.83"
"603233","大参林","2020-03-31","B","6887489885.92","3682798419.84"
"603233","大参林","2020-06-30","A","9031544539.29","4194735290.62"
"603233","大参林","2020-06-30","B","7070821753.15","3723278862.71"
"603233","大参林","2020-09-30","A","9919262483.15","4768251849.76"
"603233","大参林","2020-09-30","B","7413443731.48","3975231738.15"
"603233","大参林","2020-12-31","A","12331926019.36","6759026117.38"
"603233","大参林","2020-12-31","B","9373486263.03","5613160349.50"
"603233","大参林","2021-01-01","B","9373486263.03","5613160349.50"
"603233","大参林","2021-01-01","A","12331926019.36","6759026117.38"
"603233","大参林","2021-03-31","A","15506606931.34","9729421094.79"
"603233","大参林","2021-03-31","B","9688373408.20","5822214530.38"
"603233","大参林","2021-06-30","A","15581447356.28","9973545200.33"
"603233","大参林","2021-06-30","B","9967696518.72","5888756796.22"
"603233","大参林","2021-09-30","A","16088905656.46","10213605247.67"
"603233","大参林","2021-12-31","A","17335681734.37","11399804356.26"
"603233","大参林","2021-12-31","B","10239999175.12","6097717486.63"
"603233","大参林","2022-03-31","A","17719840169.38","11309084805.33"
"603233","大参林","2022-06-30","A","17955274013.28","11599916410.35"
"603233","大参林","2022-06-30","B","11263534771.26","6837969532.67"
"603233","大参林","2022-09-30","A","18246104097.63","11604784708.00"
"603288","海天味业","2017-01-01","B","11233655684.78","2637452992.46"
"603288","海天味业","2017-01-01","A","13463592998.27","3449823565.24"
"603288","海天味业","2017-03-31","B","9696014962.94","1031426223.31"
"603288","海天味业","2017-03-31","A","13234485944.26","2233102259.47"
"603288","海天味业","2017-06-30","B","8029115231.97","1182726318.70"
"603288","海天味业","2017-06-30","A","12407479227.29","2391055813.25"
"603288","海天味业","2017-09-30","A","13550016484.52","2812698959.29"
"603288","海天味业","2017-09-30","B","8494082653.82","1570458876.91"
"603288","海天味业","2017-12-31","A","16336012255.77","4571838748.16"
"603288","海天味业","2017-12-31","B","12565981209.78","3270516764.18"
"603288","海天味业","2018-01-01","B","12565981209.78","3270516764.18"
"603288","海天味业","2018-01-01","A","16336012255.77","4571838748.16"
"603288","海天味业","2018-03-31","A","16381283428.11","3414461006.43"
"603288","海天味业","2018-03-31","B","11059176278.36","1662940467.03"
"603288","海天味业","2018-06-30","B","8718529765.80","1533050446.23"
"603288","海天味业","2018-06-30","A","15086186503.94","3356019344.23"
"603288","海天味业","2018-09-30","B","9176194120.14","1908488056.80"
"603288","海天味业","2018-09-30","A","16587899805.67","3974499613.90"
"603288","海天味业","2018-12-31","A","20143788853.33","6255962712.82"
"603288","海天味业","2018-12-31","B","13700711012.52","4036797757.46"
"603288","海天味业","2019-01-01","B","13700711012.52","4036797757.46"
"603288","海天味业","2019-01-01","A","20143788853.33","6255962712.82"
"603288","海天味业","2019-03-31","A","20221777072.24","4856306413.41"
"603288","海天味业","2019-03-31","B","13029111558.23","3252639256.78"
"603288","海天味业","2019-06-30","B","12412795670.51","5130993639.50"
"603288","海天味业","2019-06-30","A","18465818409.68","4472892260.75"
"603288","海天味业","2019-09-30","A","20627895039.44","5549137716.83"
"603288","海天味业","2019-09-30","B","13261014198.68","5956021279.91"
"603288","海天味业","2019-12-31","A","24753888098.68","8156181316.85"
"603288","海天味业","2019-12-31","B","18647663203.41","8204708994.32"
"603288","海天味业","2020-01-01","B","18647663203.41","8204708994.32"
"603288","海天味业","2020-01-01","A","24753888098.68","8156181316.85"
"603288","海天味业","2020-03-31","B","17702555737.90","7133389997.73"
"603288","海天味业","2020-03-31","A","25250847576.76","6958614286.75"
"603288","海天味业","2020-06-30","B","16448769702.95","8703300112.69"
"603288","海天味业","2020-06-30","A","23638509107.74","6625628452.38"
"603288","海天味业","2020-09-30","A","25187259806.08","6853062314.64"
"603288","海天味业","2020-09-30","B","15890112412.50","8027415027.86"
"603288","海天味业","2020-12-31","A","29533620038.66","9367585493.70"
"603288","海天味业","2020-12-31","B","19598466172.15","8601769131.01"
"603288","海天味业","2021-01-01","B","19598466172.15","8601769131.01"
"603288","海天味业","2021-01-01","A","29533620038.66","9367585493.70"
"603288","海天味业","2021-03-31","A","29152475202.68","7030684191.71"
"603288","海天味业","2021-03-31","B","17260356737.64","6122313494.73"
"603288","海天味业","2021-06-30","A","26380461919.49","6197073545.46"
"603288","海天味业","2021-06-30","B","17521673882.32","9420167261.01"
"603288","海天味业","2021-09-30","A","28738867088.84","7200818078.74"
"603288","海天味业","2021-12-31","A","33337724549.58","9837875983.20"
"603288","海天味业","2021-12-31","B","25583816365.43","11967425037.24"
"603288","海天味业","2022-03-31","A","31997092343.91","6497923271.37"
"603288","海天味业","2022-06-30","A","32049563208.62","7975257170.92"
"603288","海天味业","2022-06-30","B","21145975174.55","10363322350.43"
"603288","海天味业","2022-09-30","A","32682550909.27","7330828932.40"
