"Stkcd","Trdmnt","Opndt","Mopnprc","Clsdt","Mclsprc","Mnshrtrd","Mnvaltrd"
"000001","2018-01","02","13.350","31","14.050","4614537646","64548697328.360"
"000001","2018-02","01","13.950","28","12.050","2562447321","33225037914.230"
"000001","2018-03","01","11.920","30","10.900","2312996915","26925601133.240"
"000001","2018-04","02","10.870","27","10.850","2349599053","26556911800.600"
"000001","2018-05","02","10.970","31","10.180","1826717783","19652776154.270"
"000001","2018-06","01","10.150","29","9.090","1817988858","17912513913.260"
"000001","2018-07","02","9.050","31","9.420","2043027802","18327371699.210"
"000001","2018-08","01","9.420","31","10.130","2189687302","20886716953.780"
"000001","2018-09","03","10.090","28","11.050","1882100499","19428419455.200"
"000001","2018-10","08","10.700","31","10.910","2780155709","29608782523.250"
"000001","2018-11","01","10.990","30","10.360","2084963386","22211058962.230"
"000001","2018-12","03","10.590","28","9.380","1199334470","11974162200.990"
"000001","2019-01","02","9.390","31","11.100","1816314971","18760030468.840"
"000001","2019-02","01","11.200","28","12.360","1911474401","22306694152.270"
"000001","2019-03","01","12.480","29","12.820","2671302590","33645833416.200"
"000001","2019-04","01","12.830","30","13.850","2593169654","36205464667.950"
"000001","2019-05","06","13.100","31","12.180","1864961220","23370285876.270"
"000001","2019-06","03","12.220","28","13.780","1662158178","21377644710.930"
"000001","2019-07","01","14.010","31","14.130","1652335938","23072907184.200"
"000001","2019-08","01","14.060","30","14.160","2993290343","43313563820.850"
"000001","2019-09","02","14.150","30","15.590","2538654785","37994867477.510"
"000001","2019-10","08","15.600","31","16.260","2019233578","33553939986.080"
"000001","2019-11","01","16.350","29","15.290","1640142537","26720137958.530"
"000001","2019-12","02","15.350","31","16.450","1516354896","24339018914.740"
"000001","2020-01","02","16.650","23","15.540","1483446929","24663290817.830"
"000001","2020-02","03","13.990","28","14.500","2532137636","37501098787.730"
"000001","2020-03","02","14.550","31","12.800","2658243438","36693304167.510"
"000001","2020-04","01","12.860","30","13.930","1707118025","22442712541.720"
"000001","2020-05","06","13.760","29","13.000","1216461999","16312734822.330"
"000001","2020-06","01","13.100","30","12.800","1827319157","23785421169.050"
"000001","2020-07","01","12.790","31","13.340","4807273329","69415902211.120"
"000001","2020-08","03","13.470","31","15.080","3124407816","45163156180.500"
"000001","2020-09","01","14.960","30","15.170","2151821111","32926198675.380"
"000001","2020-10","09","15.300","30","17.750","2083928481","35899528432.270"
"000001","2020-11","02","17.650","30","19.740","2057498109","37790045719.230"
"000001","2020-12","01","19.700","31","19.340","1961621432","36920061503.090"
"000001","2021-01","04","19.100","29","23.090","2792512935","58603803798.230"
"000001","2021-02","01","23.000","26","21.380","2243272525","52541944392.310"
"000001","2021-03","01","21.540","31","22.010","2340059951","50347476182.970"
"000001","2021-04","01","22.080","30","23.290","1423476303","31264829462.850"
"000001","2021-05","06","23.100","31","24.200","1015281590","24221421505.840"
"000001","2021-06","01","24.200","30","22.620","1225673158","28598633960.800"
"000001","2021-07","01","22.810","30","17.690","1935733252","39543208925.130"
"000001","2021-08","02","17.640","31","17.800","2087476977","39612873638.030"
"000001","2021-09","01","17.480","30","17.930","2752985795","51002547278.610"
"000001","2021-10","08","18.170","29","19.500","1435194523","28042460454.440"
"000001","2021-11","01","19.330","30","17.440","2168132364","38898674226.390"
"000001","2021-12","01","17.430","31","16.480","2560447197","45276503780.000"
"000001","2022-01","04","16.480","28","15.830","2582339706","43505823412.000"
"000001","2022-02","07","16.020","28","15.750","1627952153","26770314950.000"
"000001","2022-03","01","15.790","31","15.380","2799148145","41216784389.790"
"000001","2022-04","01","15.370","29","15.320","2316341470","36674357936.190"
"000001","2022-05","05","15.200","31","14.160","1531588151","22291939672.440"
"000001","2022-06","01","14.140","30","14.980","2799378295","40107191578.730"
"000001","2022-07","01","15.000","29","12.680","2325512851","31741011138.690"
"000001","2022-08","01","12.660","31","12.750","2377779259","29369669965.920"
"000001","2022-09","01","12.650","30","11.840","1965120473","24567132248.360"
"000001","2022-10","10","11.700","31","10.340","1519535662","16818922703.690"
"000001","2022-11","01","10.380","30","13.030","3526282382","41486699201.530"
"000001","2022-12","01","13.380","30","13.160","2377229168","31354051313.030"
"000002","2018-01","02","31.450","31","37.560","1412056208","52553325806.480"
"000002","2018-02","01","37.500","28","32.700","810923791","27750005312.620"
"000002","2018-03","01","32.170","30","33.290","905611988","29271329911.450"
"000002","2018-04","02","33.650","27","28.400","756570267","23528512694.180"
"000002","2018-05","02","28.400","31","25.590","941762377","25386256395.120"
"000002","2018-06","01","25.390","29","24.600","1100600610","29555046508.480"
"000002","2018-07","02","24.500","31","23.320","956764162","22471380434.830"
"000002","2018-08","01","23.240","31","24.050","1149447643","26190172927.360"
"000002","2018-09","03","23.850","28","24.300","1058988567","25404043444.720"
"000002","2018-10","08","22.950","31","24.230","1131501336","25283770460.120"
"000002","2018-11","01","24.900","30","25.440","949728103","23503332020.720"
"000002","2018-12","03","26.000","28","23.820","805606915","20317352591.570"
"000002","2019-01","02","23.830","31","27.750","687474793","17620537159.450"
"000002","2019-02","01","28.150","28","27.990","1036834690","28475304565.090"
"000002","2019-03","01","28.100","29","30.720","1590085931","45606076897.370"
"000002","2019-04","01","31.020","30","28.880","1287407042","39951842127.040"
"000002","2019-05","06","28.000","31","26.700","651739771","17887784721.600"
"000002","2019-06","03","26.810","28","27.810","629558187","17460711791.750"
"000002","2019-07","01","28.180","31","28.760","953324336","28195769476.380"
"000002","2019-08","01","28.500","30","25.800","865955735","23369270611.340"
"000002","2019-09","02","25.750","30","25.900","966977872","25776209991.790"
"000002","2019-10","08","26.010","31","26.530","1160658234","31323733374.790"
"000002","2019-11","01","26.560","29","27.700","1185824118","32125549379.290"
"000002","2019-12","02","27.870","31","32.180","1891028550","55902212392.470"
"000002","2020-01","02","32.800","23","28.980","1156890257","35849950270.430"
"000002","2020-02","03","26.090","28","29.590","1902004584","55266151092.240"
"000002","2020-03","02","29.900","31","25.650","2032613646","57270475048.910"
"000002","2020-04","01","26.450","30","26.800","1362544877","36224433062.760"
"000002","2020-05","06","26.200","29","25.700","1274207424","33021681489.020"
"000002","2020-06","01","25.980","30","26.140","1523422123","39909891142.360"
"000002","2020-07","01","26.180","31","26.840","3134507547","89419363103.030"
"000002","2020-08","03","27.020","31","27.270","1750949854","48345261237.630"
"000002","2020-09","01","27.180","30","28.020","1584586872","44867277960.010"
"000002","2020-10","09","28.050","30","27.550","1065960195","29616751605.660"
"000002","2020-11","02","27.660","30","30.700","1553054356","46511743987.380"
"000002","2020-12","01","30.810","31","28.700","1374617615","39938096176.340"
"000002","2021-01","04","28.400","29","27.790","2163337712","63744705494.810"
"000002","2021-02","01","27.970","26","33.100","1560975047","47125607959.580"
"000002","2021-03","01","33.100","31","30.000","1897626378","60501130336.730"
"000002","2021-04","01","30.000","30","28.170","1268776138","36290168146.820"
"000002","2021-05","06","27.870","31","26.700","1039111900","28092226442.570"
"000002","2021-06","01","26.880","30","23.810","1308002624","32905987584.680"
"000002","2021-07","01","23.890","30","20.660","1685233309","38536551379.560"
"000002","2021-08","02","20.600","31","19.800","1968715733","43104495472.190"
"000002","2021-09","01","19.650","30","21.310","2073135994","42451888718.040"
"000002","2021-10","08","21.480","29","18.210","1911914000","39297976785.730"
"000002","2021-11","01","18.170","30","18.260","2233833387","42439848877.540"
"000002","2021-12","01","18.260","31","19.760","2042912381","40247051949.000"
"000002","2022-01","04","19.490","28","20.330","2365348381","50768443706.000"
"000002","2022-02","07","20.530","28","19.200","1663947733","33867912789.000"
"000002","2022-03","01","19.210","31","19.150","3618111848","63421852152.220"
"000002","2022-04","01","18.950","29","19.380","3147281030","63494371942.630"
"000002","2022-05","05","19.520","31","17.810","1807401478","33573288196.630"
"000002","2022-06","01","17.840","30","20.500","1974477558","36212486296.470"
"000002","2022-07","01","20.490","29","17.210","1558618725","28795284473.540"
"000002","2022-08","01","17.140","31","16.630","1511018407","24803173294.710"
"000002","2022-09","01","16.750","30","17.830","1894752170","33560409846.960"
"000002","2022-10","10","17.800","31","13.520","1395009180","22037607725.920"
"000002","2022-11","01","13.500","30","18.650","3014434421","48355468065.520"
"000002","2022-12","01","18.370","30","18.200","2149372759","40895133692.480"
"000166","2018-01","02","5.370","31","5.350","864634327","4758789939.770"
"000166","2018-02","01","5.370","28","5.020","460016516","2376109835.600"
"000166","2018-03","01","5.000","30","4.970","473618853","2362910814.480"
"000166","2018-04","02","4.970","27","4.640","302447997","1456862219.490"
"000166","2018-05","02","4.690","31","4.640","492415233","2375970500.160"
"000166","2018-06","01","4.600","29","4.370","364389552","1652618867.170"
"000166","2018-07","02","4.350","31","4.440","323586503","1420400849.320"
"000166","2018-08","01","4.440","31","4.460","330325279","1447144832.730"
"000166","2018-09","03","4.430","28","4.500","302452315","1352510090.510"
"000166","2018-10","08","4.450","31","4.460","643571353","2786052792.400"
"000166","2018-11","01","4.480","30","4.440","924905145","4221902854.910"
"000166","2018-12","03","4.620","28","4.070","450132004","1934349396.740"
"000166","2019-01","02","4.090","31","4.420","667199969","2901109134.190"
"000166","2019-02","01","4.460","28","5.500","2028594523","10940764651.900"
"000166","2019-03","01","5.550","29","5.520","4281737205","24354737170.810"
"000166","2019-04","01","5.530","30","5.140","2545607221","14223370867.250"
"000166","2019-05","06","5.000","31","4.720","1049886572","4972207131.970"
"000166","2019-06","03","4.730","28","5.010","1198587479","5919556518.970"
"000166","2019-07","01","5.140","31","4.890","813287912","4036595067.170"
"000166","2019-08","01","4.870","30","4.780","811069304","3864324646.200"
"000166","2019-09","02","4.790","30","4.780","894153653","4468324437.680"
"000166","2019-10","08","4.780","31","4.790","408956392","1980929023.900"
"000166","2019-11","01","4.780","29","4.760","519632366","2486640131.290"
"000166","2019-12","02","4.810","31","5.120","1338157000","6675338034.500"
"000166","2020-01","02","5.180","23","4.820","1022469799","5188924241.290"
"000166","2020-02","03","4.340","28","4.680","1549780622","7258861599.370"
"000166","2020-03","02","4.680","31","4.410","1685534699","7932216947.020"
"000166","2020-04","01","4.410","30","4.370","698260219","3061941273.390"
"000166","2020-05","06","4.320","29","4.320","606364036","2701104658.490"
"000166","2020-06","01","4.400","30","5.050","1675190831","7912880189.980"
"000166","2020-07","01","5.010","31","5.830","7783848219","47089029026.320"
"000166","2020-08","03","5.860","31","5.640","2887249780","16602302335.140"
"000166","2020-09","01","5.630","30","5.310","1752589675","9536410627.990"
"000166","2020-10","09","5.380","30","5.040","951652134","5112287141.660"
"000166","2020-11","02","5.050","30","5.400","1482195108","7857665115.100"
"000166","2020-12","01","5.350","31","5.280","1690307620","8883431230.660"
"000166","2021-01","04","5.310","29","4.680","1887897428","9609690312.570"
"000166","2021-02","01","4.690","26","4.800","813228949","3857435494.200"
"000166","2021-03","01","4.810","31","4.640","1123653234","5308731008.420"
"000166","2021-04","01","4.660","30","4.520","732218649","3359013565.740"
"000166","2021-05","06","4.530","31","4.790","1268128581","5961598046.650"
"000166","2021-06","01","4.770","30","4.680","1073696062","5031749102.190"
"000166","2021-07","01","4.710","30","4.290","1053887726","4708745472.690"
"000166","2021-08","02","4.280","31","4.700","1591692597","7253384719.350"
"000166","2021-09","01","4.670","30","5.500","8508514147","50093000694.920"
"000166","2021-10","08","5.560","29","5.130","2059289780","11052845801.550"
"000166","2021-11","01","5.210","30","5.050","3079850542","16575904156.270"
"000166","2021-12","01","5.050","31","5.120","1957917817","10173123224.000"
"000166","2022-01","04","5.130","28","4.670","1109447963","5576994728.000"
"000166","2022-02","07","4.730","28","4.580","797417986","3791339408.000"
"000166","2022-03","01","4.600","31","4.380","1403664846","6184158899.370"
"000166","2022-04","01","4.370","29","4.090","1240408815","5332463981.970"
"000166","2022-05","05","4.060","31","4.050","842826557","3379741976.170"
"000166","2022-06","01","4.050","30","4.290","2232241930","9511407038.360"
"000166","2022-07","01","4.290","29","4.130","779364963","3247112350.030"
"000166","2022-08","01","4.120","31","4.180","1122457777","4644928717.160"
"000166","2022-09","01","4.180","30","3.860","993776423","4081842974.490"
"000166","2022-10","10","3.860","31","3.890","598175450","2352986573.420"
"000166","2022-11","01","3.900","30","4.130","1109599861","4526048011.350"
"000166","2022-12","01","4.170","30","3.980","908282693","3724072356.680"
"002241","2018-01","02","17.430","31","14.000","830896524","13419555247.860"
"002241","2018-02","01","13.830","28","15.560","680190707","9610529228.620"
"002241","2018-03","01","15.400","30","13.420","1043195617","15414834655.070"
"002241","2018-04","02","13.530","27","11.310","672463894","8721095709.250"
"002241","2018-05","02","11.420","31","11.290","657556459","7767700713.740"
"002241","2018-06","01","11.290","29","10.190","554972146","6082555330.550"
"002241","2018-07","02","10.100","31","9.620","428516740","4228347431.860"
"002241","2018-08","01","9.700","31","8.880","472047968","4088577410.850"
"002241","2018-09","03","8.890","28","8.300","363586862","3094888965.780"
"002241","2018-10","08","8.150","31","7.270","358739440","2619314266.740"
"002241","2018-11","01","7.340","30","7.190","510093559","3829737941.100"
"002241","2018-12","03","7.500","28","6.880","274291686","1979151509.440"
"002241","2019-01","02","6.890","31","6.630","364536734","2529943703.130"
"002241","2019-02","01","6.640","28","8.880","842051690","6974098736.770"
"002241","2019-03","01","8.950","29","10.500","1626543724","16192584180.380"
"002241","2019-04","01","10.510","30","10.660","1231450950","13009792004.210"
"002241","2019-05","06","9.990","31","7.910","900607839","7687926772.020"
"002241","2019-06","03","7.870","28","8.890","657315716","5372436498.250"
"002241","2019-07","01","9.550","31","11.670","1272751625","13230286362.330"
"002241","2019-08","01","11.580","30","13.160","1966717563","24673551088.620"
"002241","2019-09","02","13.150","30","17.580","2134027206","33612563463.910"
"002241","2019-10","08","17.590","31","18.580","1775909164","31951158568.080"
"002241","2019-11","01","18.450","29","19.390","1574206698","31160398995.030"
"002241","2019-12","02","19.300","31","19.920","1461554879","30094390809.370"
"002241","2020-01","02","20.040","23","23.610","1024648072","22139283342.700"
"002241","2020-02","03","21.250","28","22.270","1938494877","45407289058.330"
"002241","2020-03","02","22.650","31","16.410","2176034161","40396352163.070"
"002241","2020-04","01","16.970","30","19.350","1922905552","35119584174.740"
"002241","2020-05","06","19.170","29","21.240","1853344957","38701039284.560"
"002241","2020-06","01","21.620","30","29.360","1981105594","49487577428.110"
"002241","2020-07","01","29.360","31","42.700","2592256936","85712919811.110"
"002241","2020-08","03","43.710","31","41.090","2364365255","96364583395.700"
"002241","2020-09","01","40.780","30","40.430","1350235618","55175316379.270"
"002241","2020-10","09","41.850","30","45.360","1240180922","54000133171.080"
"002241","2020-11","02","44.850","30","37.970","1805333481","74450924598.800"
"002241","2020-12","01","37.600","31","37.320","1801511350","68414351461.440"
"002241","2021-01","04","37.350","29","33.200","2481587713","97893284918.760"
"002241","2021-02","01","33.200","26","32.000","1622970334","54231123245.910"
"002241","2021-03","01","32.000","31","27.150","1751061197","50934938008.460"
"002241","2021-04","01","27.360","30","37.700","1737465316","57919418335.470"
"002241","2021-05","06","37.930","31","38.950","1403861782","52546925701.970"
"002241","2021-06","01","38.680","30","42.740","1733578447","69649982515.750"
"002241","2021-07","01","42.880","30","38.110","2042859265","82053748053.520"
"002241","2021-08","02","37.580","31","46.540","1494930102","64363264590.800"
"002241","2021-09","01","46.900","30","43.100","1375400518","64821986813.090"
"002241","2021-10","08","43.870","29","43.540","770551228","32086567534.730"
"002241","2021-11","01","44.440","30","52.080","1785550996","88379939592.220"
"002241","2021-12","01","52.890","31","54.100","1213125601","65550084154.000"
"002241","2022-01","04","54.800","28","47.070","786949463","40175490628.000"
"002241","2022-02","07","46.660","28","43.780","756743036","33082937644.000"
"002241","2022-03","01","44.000","31","34.400","1413488267","52476410356.230"
"002241","2022-04","01","33.810","29","35.050","1021210537","32749418167.550"
"002241","2022-05","05","35.300","31","40.730","909191700","33008235004.950"
"002241","2022-06","01","40.440","30","33.600","1758284557","62973803934.260"
"002241","2022-07","01","33.900","29","31.800","1219626302","39380516788.210"
"002241","2022-08","01","31.710","31","32.480","1965340645","68066812761.900"
"002241","2022-09","01","32.100","30","26.500","1035155788","31746571266.860"
"002241","2022-10","10","26.350","31","21.680","943632267","23128437874.150"
"002241","2022-11","01","22.050","30","18.140","3508668878","68445242042.410"
"002241","2022-12","01","18.330","30","16.830","2432017706","43102738802.380"
"002415","2018-01","02","39.290","31","39.900","805307209","33079992634.610"
"002415","2018-02","01","40.190","28","42.570","578029450","22879197472.010"
"002415","2018-03","01","42.190","30","41.300","675174913","28915979753.350"
"002415","2018-04","02","41.480","27","38.500","589187763","23170436957.050"
"002415","2018-05","02","39.500","31","39.150","571945835","22808758643.600"
"002415","2018-06","01","39.190","29","37.130","401795020","15336754477.820"
"002415","2018-07","02","37.030","31","34.580","629864037","22244455578.700"
"002415","2018-08","01","35.160","31","31.450","814480399","25552658798.990"
"002415","2018-09","03","31.510","28","28.740","804860075","23101874723.390"
"002415","2018-10","08","27.600","31","24.200","1101678147","26892108737.230"
"002415","2018-11","01","25.140","30","27.170","1193960902","32546399926.510"
"002415","2018-12","03","29.620","28","25.760","638499782","17575154760.390"
"002415","2019-01","02","25.810","31","30.030","682820790","19386673681.190"
"002415","2019-02","01","30.340","28","34.500","687823282","23284762122.740"
"002415","2019-03","01","35.200","29","35.070","960475448","33853862952.670"
"002415","2019-04","01","35.420","30","32.680","946010899","32486237576.060"
"002415","2019-05","06","30.900","31","24.840","1527617863","40806284179.330"
"002415","2019-06","03","24.900","28","27.580","1520655091","39397928775.270"
"002415","2019-07","01","29.300","31","30.870","1683778046","48126088943.130"
"002415","2019-08","01","30.510","30","30.920","1259873889","37825490673.730"
"002415","2019-09","02","30.920","30","32.300","777676129","26137255025.780"
"002415","2019-10","10","30.350","31","32.350","837871095","26106934115.080"
"002415","2019-11","01","32.250","29","31.410","836149522","27713684735.760"
"002415","2019-12","02","31.680","31","32.740","929743735","29472582134.500"
"002415","2020-01","02","32.900","23","36.000","776512155","27311213760.560"
"002415","2020-02","03","32.400","28","35.000","1249087972","45492048454.400"
"002415","2020-03","02","34.980","31","27.900","1387443799","43578498410.110"
"002415","2020-04","01","28.100","30","32.060","990937881","29996976016.340"
"002415","2020-05","06","31.500","29","27.470","741169369","22311709444.320"
"002415","2020-06","01","27.600","30","30.350","879589682","25689421694.820"
"002415","2020-07","01","30.490","31","36.990","2086259715","74370304862.440"
"002415","2020-08","03","37.310","31","37.420","1285151743","49818216323.800"
"002415","2020-09","01","37.410","30","38.110","738662929","27311745163.740"
"002415","2020-10","09","38.700","30","44.900","823967014","34333638666.870"
"002415","2020-11","02","44.850","30","45.670","970297759","45761904188.330"
"002415","2020-12","01","45.900","31","48.510","1083111233","49785533913.910"
"002415","2021-01","04","48.100","29","63.000","1622626220","96006011091.050"
"002415","2021-02","01","63.590","26","55.560","830532337","50438452802.140"
"002415","2021-03","01","57.700","31","55.900","808432418","44559684077.160"
"002415","2021-04","01","55.920","30","62.780","562260984","33574134996.440"
"002415","2021-05","06","62.090","31","64.580","436339563","27314572016.860"
"002415","2021-06","01","64.020","30","64.500","705980947","43260199923.440"
"002415","2021-07","01","64.890","30","61.000","963494374","60890790202.210"
"002415","2021-08","02","59.860","31","51.400","852126985","48187127667.660"
"002415","2021-09","01","51.600","30","55.000","685987435","36469249586.590"
"002415","2021-10","08","56.000","29","52.260","405410745","22243991259.400"
"002415","2021-11","01","51.960","30","48.640","715932826","35947027448.630"
"002415","2021-12","01","48.580","31","52.320","750139410","38690105066.000"
"002415","2022-01","04","53.000","28","47.460","459485091","22814183254.000"
"002415","2022-02","07","47.940","28","48.200","348616941","16415067581.000"
"002415","2022-03","01","48.200","31","41.000","596008645","25501790956.940"
"002415","2022-04","01","40.500","29","42.490","626106688","25270056615.690"
"002415","2022-05","05","38.240","31","33.400","2232198443","75168577024.060"
"002415","2022-06","01","33.440","30","36.200","1401577844","49231131341.020"
"002415","2022-07","01","36.210","29","31.940","967179936","32245065323.020"
"002415","2022-08","01","31.800","31","29.870","1116092107","34920834880.550"
"002415","2022-09","01","29.790","30","30.420","1034846050","30553991200.950"
"002415","2022-10","10","30.420","31","28.420","697878113","20602864716.130"
"002415","2022-11","01","28.380","30","31.510","995257132","30516113036.250"
"002415","2022-12","01","32.200","30","34.680","855666532","29166862763.370"
"600028","2018-01","02","6.160","31","7.080","8468771377","59798063861.000"
"600028","2018-02","01","7.100","28","6.410","4609056773","31662272059.000"
"600028","2018-03","01","6.320","30","6.480","3535232416","23198751632.000"
"600028","2018-04","02","6.480","27","6.910","2755759147","18607136576.000"
"600028","2018-05","02","6.890","31","7.050","3067899927","21792291008.000"
"600028","2018-06","01","7.000","29","6.490","2151623246","13934193769.000"
"600028","2018-07","02","6.450","31","6.760","1707916279","10905284974.000"
"600028","2018-08","01","6.700","31","6.840","2213167633","14749282148.000"
"600028","2018-09","03","6.800","28","7.120","2009794061","13752698504.000"
"600028","2018-10","08","6.900","31","6.310","2708438251","17419591579.000"
"600028","2018-11","01","6.300","30","5.900","2187326466","13282291043.000"
"600028","2018-12","03","6.000","28","5.050","2225974746","12555692329.000"
"600028","2019-01","02","5.100","31","5.730","2590955439","13788886267.000"
"600028","2019-02","01","5.730","28","6.010","1861262795","10960247703.000"
"600028","2019-03","01","6.040","29","5.740","3460555459","20584539756.000"
"600028","2019-04","01","5.750","30","5.680","3949114121","23143445621.000"
"600028","2019-05","06","5.590","31","5.430","1855857782","10081199901.000"
"600028","2019-06","03","5.440","28","5.470","1644492160","8826451234.000"
"600028","2019-07","01","5.500","31","5.270","1472203664","7814350043.000"
"600028","2019-08","01","5.250","30","4.980","1296295844","6501984994.000"
"600028","2019-09","02","4.990","30","5.020","1605472419","8269739011.000"
"600028","2019-10","08","4.990","31","4.900","848932072","4246228738.000"
"600028","2019-11","01","4.880","29","4.990","1175435197","5790843663.000"
"600028","2019-12","02","4.960","31","5.110","1127659414","5649378350.000"
"600028","2020-01","02","5.130","23","4.940","1564194254","8085109891.000"
"600028","2020-02","03","4.500","28","4.600","2354719841","11034459627.000"
"600028","2020-03","02","4.620","31","4.430","3473765082","16158678605.000"
"600028","2020-04","01","4.420","30","4.460","2457215875","11053041295.000"
"600028","2020-05","06","4.410","29","4.140","1209277491","5230662318.000"
"600028","2020-06","01","4.150","30","3.910","1836279638","7505775564.000"
"600028","2020-07","01","3.920","31","4.000","4792972317","19643867756.000"
"600028","2020-08","03","4.000","31","4.030","3250787091","13094666745.000"
"600028","2020-09","01","4.020","30","3.910","1788858060","7063305039.000"
"600028","2020-10","09","3.930","30","3.900","1050338885","4109274089.000"
"600028","2020-11","02","3.890","30","4.190","3104978352","12807362152.000"
"600028","2020-12","01","4.180","31","4.030","1982866690","8106166547.000"
"600028","2021-01","04","4.030","29","3.950","3061647500","12602935618.000"
"600028","2021-02","01","3.940","26","4.510","4033179758","17866613258.000"
"600028","2021-03","01","4.540","31","4.330","4150013902","18353937561.000"
"600028","2021-04","01","4.320","30","4.280","2407153940","10405437865.000"
"600028","2021-05","06","4.330","31","4.420","2534573014","11228156434.000"
"600028","2021-06","01","4.420","30","4.360","3550950975","15999906558.000"
"600028","2021-07","01","4.370","30","3.990","2758693357","11448436334.000"
"600028","2021-08","02","3.980","31","4.260","3145904919","12722967636.000"
"600028","2021-09","01","4.270","30","4.460","7299089258","33340823637.000"
"600028","2021-10","08","4.620","29","4.250","3456762240","15317074563.000"
"600028","2021-11","01","4.240","30","4.040","2704464858","11130235240.000"
"600028","2021-12","01","4.040","31","4.230","2452391645","10315306189.000"
"600028","2022-01","04","4.240","28","4.190","3158637303","13556019234.000"
"600028","2022-02","07","4.250","28","4.330","3609727394","15824227668.000"
"600028","2022-03","01","4.320","31","4.320","4331753833","18326469679.000"
"600028","2022-04","01","4.320","29","4.340","2985491111","12886761893.000"
"600028","2022-05","05","4.350","31","4.460","2789573632","12101706697.000"
"600028","2022-06","01","4.440","30","4.080","3896529175","16572552898.000"
"600028","2022-07","01","4.080","29","4.110","1604056058","6563846684.000"
"600028","2022-08","01","4.120","31","4.270","2312193174","9647288763.000"
"600028","2022-09","01","4.240","30","4.290","3260578851","14157695812.000"
"600028","2022-10","10","4.350","31","4.070","2204477924","9424544542.000"
"600028","2022-11","01","4.060","30","4.530","2703890310","11671567011.000"
"600028","2022-12","01","4.550","30","4.360","2138015639","9556146889.000"
"600519","2018-01","02","700.000","31","764.540","123433891","93504008615.000"
"600519","2018-02","01","767.000","28","725.620","96218090","69024989741.000"
"600519","2018-03","01","728.000","30","683.620","98782016","70762864377.000"
"600519","2018-04","02","680.000","27","662.530","69063395","47102269066.000"
"600519","2018-05","02","660.000","31","751.130","90433658","64515130424.000"
"600519","2018-06","01","751.130","29","731.460","87529994","66940351889.000"
"600519","2018-07","02","734.520","31","726.440","75239299","54511919004.000"
"600519","2018-08","01","731.400","31","659.190","87358113","58727708034.000"
"600519","2018-09","03","652.000","28","730.000","68664033","46150660851.000"
"600519","2018-10","08","715.410","31","548.900","131914136","82354952423.000"
"600519","2018-11","01","555.000","30","565.000","93308873","52734483761.000"
"600519","2018-12","03","589.000","28","590.010","63106546","36982332991.000"
"600519","2019-01","02","609.980","31","689.600","84152984","54540186931.000"
"600519","2019-02","01","697.040","28","755.010","63933067","46666932710.000"
"600519","2019-03","01","761.500","29","853.990","109548207","85707737417.000"
"600519","2019-04","01","860.000","30","974.000","99574855","91575825811.000"
"600519","2019-05","06","925.500","31","890.000","122994931","109909806787.000"
"600519","2019-06","03","892.000","28","984.000","82661740","76846426616.000"
"600519","2019-07","01","1004.520","31","972.600","83398031","81569337732.000"
"600519","2019-08","01","976.510","30","1142.000","85249029","88597139045.000"
"600519","2019-09","02","1139.990","30","1150.000","68700474","77838696440.000"
"600519","2019-10","08","1153.000","31","1180.010","53916485","63118394120.000"
"600519","2019-11","01","1181.000","29","1129.000","57035014","68097823672.000"
"600519","2019-12","02","1118.200","31","1183.000","59679279","68730971183.000"
"600519","2020-01","02","1128.000","23","1052.800","79236403","87086350874.000"
"600519","2020-02","03","985.000","28","1057.000","84368612","89960481343.000"
"600519","2020-03","02","1050.110","31","1111.000","113791314","122954960396.000"
"600519","2020-04","01","1117.000","30","1265.700","61863828","74181905619.000"
"600519","2020-05","06","1251.000","29","1366.600","47877941","63851911116.000"
"600519","2020-06","01","1381.000","30","1462.880","53122478","75518237094.000"
"600519","2020-07","01","1468.000","31","1678.180","114218890","189272779290.000"
"600519","2020-08","03","1686.880","31","1786.500","66472604","112184512743.000"
"600519","2020-09","01","1792.000","30","1668.500","66045252","112752499172.000"
"600519","2020-10","09","1692.000","30","1670.020","47263655","80073727980.000"
"600519","2020-11","02","1675.000","30","1713.910","61049453","105743081465.000"
"600519","2020-12","01","1726.000","31","1998.000","82230512","151157369595.000"
"600519","2021-01","04","1999.980","29","2116.180","84880748","177468622539.000"
"600519","2021-02","01","2130.000","26","2122.780","80672503","186214420290.000"
"600519","2021-03","01","2179.000","31","2009.000","109262914","221644803712.000"
"600519","2021-04","01","2021.000","30","2006.780","72231208","148537527539.000"
"600519","2021-05","06","2000.000","31","2218.000","66029681","135833458475.000"
"600519","2021-06","01","2222.000","30","2056.700","65376463","140426501584.000"
"600519","2021-07","01","2059.970","30","1678.990","100367872","189419085332.000"
"600519","2021-08","02","1664.000","31","1558.000","122767323","202901950781.000"
"600519","2021-09","01","1559.000","30","1830.000","94162953","159866105891.000"
"600519","2021-10","08","1822.420","29","1826.080","56517683","104909603792.000"
"600519","2021-11","01","1780.000","30","1930.770","70914752","131293796460.000"
"600519","2021-12","01","1950.000","31","2050.000","89630702","185666967469.000"
"600519","2022-01","04","2055.000","28","1887.000","61614934","119961007736.000"
"600519","2022-02","07","1900.990","28","1790.400","50150188","92178588379.000"
"600519","2022-03","01","1802.000","31","1719.000","101300439","174585657947.000"
"600519","2022-04","01","1729.940","29","1828.380","65067625","115622870717.000"
"600519","2022-05","05","1830.000","31","1804.030","54057347","95915876861.000"
"600519","2022-06","01","1802.000","30","2045.000","68527543","131091332856.000"
"600519","2022-07","01","2055.000","29","1898.440","49856830","97839883328.000"
"600519","2022-08","01","1890.010","31","1924.000","49792725","94404023683.000"
"600519","2022-09","01","1912.150","30","1872.500","49850719","92777846191.000"
"600519","2022-10","10","1890.000","31","1350.000","101008970","158107798068.000"
"600519","2022-11","01","1359.000","30","1599.000","103833876","156504126581.000"
"600519","2022-12","01","1660.000","30","1727.000","64213759","110589787477.000"
"601398","2018-01","02","6.190","31","7.480","8553584550","58220410794.000"
"601398","2018-02","01","7.440","28","6.670","5927628138","42090175355.000"
"601398","2018-03","01","6.630","30","6.090","6091236708","38825989222.000"
"601398","2018-04","02","6.080","27","6.000","4648512817","27781024970.000"
"601398","2018-05","02","6.060","31","5.660","4287448849","25383979583.000"
"601398","2018-06","01","5.640","29","5.320","3545493603","19823003804.000"
"601398","2018-07","02","5.300","31","5.650","4062786851","22008269130.000"
"601398","2018-08","01","5.650","31","5.440","3493220112","19002110701.000"
"601398","2018-09","03","5.420","28","5.770","2633724265","14503130929.000"
"601398","2018-10","08","5.630","31","5.630","3361185539","18608385307.000"
"601398","2018-11","01","5.650","30","5.330","3355026635","18199333755.000"
"601398","2018-12","03","5.410","28","5.290","2205329505","11693336884.000"
"601398","2019-01","02","5.300","31","5.660","2996857073","16096840213.000"
"601398","2019-02","01","5.680","28","5.750","3751304023","21305652929.000"
"601398","2019-03","01","5.770","29","5.570","6290882314","35555794595.000"
"601398","2019-04","01","5.590","30","5.810","6203648050","36035239552.000"
"601398","2019-05","06","5.690","31","5.610","3396978344","19077752786.000"
"601398","2019-06","03","5.620","28","5.890","4317158525","25014624268.000"
"601398","2019-07","01","5.940","31","5.640","3392774781","19251830589.000"
"601398","2019-08","01","5.620","30","5.390","3237778311","17649587030.000"
"601398","2019-09","02","5.400","30","5.530","3170654733","17442917429.000"
"601398","2019-10","08","5.510","31","5.910","2540454176","14687212841.000"
"601398","2019-11","01","5.900","29","5.790","2505379805","14649299006.000"
"601398","2019-12","02","5.800","31","5.880","2690071325","15660929012.000"
"601398","2020-01","02","5.920","23","5.720","2447191064","14416809964.000"
"601398","2020-02","03","5.300","28","5.300","5009479278","27193646149.000"
"601398","2020-03","02","5.300","31","5.150","4979812246","26042902465.000"
"601398","2020-04","01","5.150","30","5.170","2230421967","11420644714.000"
"601398","2020-05","06","5.120","29","5.120","1933213625","9875895442.000"
"601398","2020-06","01","5.130","30","4.980","3461423544","18030448593.000"
"601398","2020-07","01","4.980","31","4.960","9101037437","47343567400.000"
"601398","2020-08","03","4.980","31","4.960","4566446166","22868768422.000"
"601398","2020-09","01","4.960","30","4.920","3233536230","15932685477.000"
"601398","2020-10","09","4.940","30","4.920","3630846462","18114143220.000"
"601398","2020-11","02","4.920","30","5.320","5665273612","29225168638.000"
"601398","2020-12","01","5.310","31","4.990","6361551130","32480792556.000"
"601398","2021-01","04","4.970","29","5.090","7237970473","36630906810.000"
"601398","2021-02","01","5.080","26","5.370","6105179628","32055214918.000"
"601398","2021-03","01","5.360","31","5.540","6783840714","36998446672.000"
"601398","2021-04","01","5.510","30","5.130","3638098767","19474849223.000"
"601398","2021-05","06","5.110","31","5.210","3220684094","16814822434.000"
"601398","2021-06","01","5.210","30","5.170","4282325297","22171564263.000"
"601398","2021-07","01","5.170","30","4.590","5223130244","25244981271.000"
"601398","2021-08","02","4.580","31","4.620","3531065522","16250299094.000"
"601398","2021-09","01","4.610","30","4.660","3542880218","16640980046.000"
"601398","2021-10","08","4.660","29","4.670","1922698320","9063458097.000"
"601398","2021-11","01","4.680","30","4.580","2511038408","11655092615.000"
"601398","2021-12","01","4.580","31","4.630","3318300863","15376189671.000"
"601398","2022-01","04","4.640","28","4.660","3603953596","16947183010.000"
"601398","2022-02","07","4.690","28","4.660","3742116428","17892040336.000"
"601398","2022-03","01","4.670","31","4.770","6182871811","28498305264.000"
"601398","2022-04","01","4.750","29","4.780","5242298620","25082863248.000"
"601398","2022-05","05","4.780","31","4.660","3754164558","17541642607.000"
"601398","2022-06","01","4.650","30","4.770","4285374613","20126534927.000"
"601398","2022-07","01","4.770","29","4.380","3982491158","18043280385.000"
"601398","2022-08","01","4.370","31","4.380","2997979710","13030983633.000"
"601398","2022-09","01","4.360","30","4.350","3862722000","16865314241.000"
"601398","2022-10","10","4.350","31","4.150","4092722584","17708753778.000"
"601398","2022-11","01","4.150","30","4.300","5594220328","23328986456.000"
"601398","2022-12","01","4.320","30","4.340","4448651053","19063903063.000"
"603233","2018-01","02","51.680","31","44.910","18030314","893059273.000"
"603233","2018-02","01","45.000","28","45.080","10260419","441296465.000"
"603233","2018-03","01","44.970","30","57.200","29305261","1568650273.000"
"603233","2018-04","02","57.190","27","64.510","19674696","1176660681.000"
"603233","2018-05","02","64.660","31","72.640","24130045","1689236418.000"
"603233","2018-06","01","72.800","29","68.460","20215997","1355788531.000"
"603233","2018-07","02","68.700","31","53.660","21306466","1301966326.000"
"603233","2018-08","01","53.770","31","43.670","34870240","1670396697.000"
"603233","2018-09","03","43.580","28","47.440","22658031","993003054.000"
"603233","2018-10","08","46.700","31","39.650","12981841","540919537.000"
"603233","2018-11","01","39.920","30","44.820","16883033","729947502.000"
"603233","2018-12","03","45.110","28","39.860","16099444","705560478.000"
"603233","2019-01","02","40.000","31","38.510","15570033","612596409.000"
"603233","2019-02","01","39.000","28","43.870","14501214","631438531.000"
"603233","2019-03","01","43.780","29","49.500","51244425","2332185161.000"
"603233","2019-04","01","49.800","30","47.900","34174098","1619644445.000"
"603233","2019-05","06","46.820","31","45.880","42833193","2279283184.000"
"603233","2019-06","03","45.860","28","45.000","38775211","1618376254.000"
"603233","2019-07","01","46.250","31","49.500","35323979","1677378220.000"
"603233","2019-08","01","49.450","30","58.600","50733514","2725691557.000"
"603233","2019-09","02","57.470","30","57.170","49040259","2831889814.000"
"603233","2019-10","08","57.500","31","55.230","50996983","3006513517.000"
"603233","2019-11","01","55.340","29","51.070","78641174","4179557743.000"
"603233","2019-12","02","50.990","31","52.250","57916965","2935373564.000"
"603233","2020-01","02","52.320","23","58.170","54173217","2929610871.000"
"603233","2020-02","03","59.300","28","53.650","84512042","4764384576.000"
"603233","2020-03","02","53.750","31","63.000","77965615","4501405670.000"
"603233","2020-04","01","63.000","30","65.680","62231758","4100797804.000"
"603233","2020-05","06","64.500","29","81.170","62546811","4494490695.000"
"603233","2020-06","01","81.400","30","81.220","60076082","4754216425.000"
"603233","2020-07","01","79.950","31","76.500","141186551","10539442352.000"
"603233","2020-08","03","77.330","31","85.190","91486846","6953020374.000"
"603233","2020-09","01","87.000","30","82.460","81239274","6692360103.000"
"603233","2020-10","09","84.000","30","94.500","53492489","4637387508.000"
"603233","2020-11","02","92.430","30","88.510","69079755","6354625046.000"
"603233","2020-12","01","87.030","31","78.350","101038670","8204213577.000"
"603233","2021-01","04","77.730","29","99.100","91398006","8147872776.000"
"603233","2021-02","01","99.100","26","86.060","43288322","4071070824.000"
"603233","2021-03","01","86.980","31","83.940","63587146","5143284836.000"
"603233","2021-04","01","83.940","30","75.620","86368659","6701374403.000"
"603233","2021-05","06","75.340","31","75.040","61613867","4455397944.000"
"603233","2021-06","01","75.590","30","51.110","89533111","5157639408.000"
"603233","2021-07","01","51.090","30","42.480","106386281","4759467235.000"
"603233","2021-08","02","42.520","31","45.540","154367105","7131543194.000"
"603233","2021-09","01","45.600","30","42.410","75413095","3331091350.000"
"603233","2021-10","08","42.500","29","35.370","58636020","2535106547.000"
"603233","2021-11","01","35.360","30","35.260","83539934","3099378528.000"
"603233","2021-12","01","35.260","31","42.110","145662336","5578297972.000"
"603233","2022-01","04","42.600","28","37.000","103052739","4347133712.000"
"603233","2022-02","07","38.000","28","35.590","44122233","1635451001.000"
"603233","2022-03","01","35.580","31","29.940","114377484","3701072752.000"
"603233","2022-04","01","29.760","29","26.400","70899059","1883050763.000"
"603233","2022-05","05","26.500","31","32.850","101994889","3053486303.000"
"603233","2022-06","01","32.800","30","31.300","120852771","3635853876.000"
"603233","2022-07","01","31.560","29","32.220","89207562","2792152779.000"
"603233","2022-08","01","32.160","31","33.380","85705622","2714017986.000"
"603233","2022-09","01","33.600","30","30.300","75031026","2321380094.000"
"603233","2022-10","10","30.280","31","36.450","85586187","2972751282.000"
"603233","2022-11","01","36.450","30","42.210","189210460","7655487001.000"
"603233","2022-12","01","45.110","30","39.600","176566032","7406850990.000"
"603288","2018-01","02","53.910","31","56.360","65685640","3675221553.000"
"603288","2018-02","01","56.360","28","55.300","37846600","2038632073.000"
"603288","2018-03","01","54.200","30","56.760","52007533","3014262377.000"
"603288","2018-04","02","56.790","27","61.970","42849614","2579353107.000"
"603288","2018-05","02","61.050","31","74.940","82718088","5712365175.000"
"603288","2018-06","01","74.500","29","73.640","120195451","9279763547.000"
"603288","2018-07","02","74.000","31","70.780","86041199","6316496704.000"
"603288","2018-08","01","71.000","31","68.500","81688692","5572691122.000"
"603288","2018-09","03","68.000","28","79.200","56436286","4035334544.000"
"603288","2018-10","08","77.540","31","64.570","87903237","6019791341.000"
"603288","2018-11","01","64.980","30","63.370","62443772","4028735253.000"
"603288","2018-12","03","65.660","28","68.800","56549769","3802975075.000"
"603288","2019-01","02","68.190","31","72.300","48424538","3376079438.000"
"603288","2019-02","01","73.000","28","76.680","48627664","3698313343.000"
"603288","2019-03","01","78.870","29","86.700","95978027","7466638122.000"
"603288","2019-04","01","88.820","30","89.280","78633200","6792521553.000"
"603288","2019-05","06","87.000","31","100.200","92122761","8598099929.000"
"603288","2019-06","03","99.510","28","105.000","93383831","9558795200.000"
"603288","2019-07","01","105.990","31","99.900","76249522","7826183598.000"
"603288","2019-08","01","100.500","30","114.670","88524081","9098968766.000"
"603288","2019-09","02","114.490","30","109.910","59084612","6589477777.000"
"603288","2019-10","08","108.570","31","111.680","53188813","5768292917.000"
"603288","2019-11","01","111.700","29","106.980","64090172","7196187760.000"
"603288","2019-12","02","107.300","31","107.510","59656423","6389135427.000"
"603288","2020-01","02","107.750","23","107.210","61286853","6598769497.000"
"603288","2020-02","03","96.490","28","99.580","83672724","8647632016.000"
"603288","2020-03","02","99.810","31","125.170","129103881","13465898899.000"
"603288","2020-04","01","125.740","30","122.930","102339434","12877050560.000"
"603288","2020-05","06","121.410","29","114.900","101475462","11487016494.000"
"603288","2020-06","01","116.500","30","124.400","99990606","11681631608.000"
"603288","2020-07","01","124.000","31","150.080","149507797","19970623762.000"
"603288","2020-08","03","150.740","31","183.200","112459821","18236236675.000"
"603288","2020-09","01","183.200","30","162.100","168174346","28372296651.000"
"603288","2020-10","09","165.360","30","160.200","67536931","11275981023.000"
"603288","2020-11","02","162.000","30","159.200","79967733","13111617526.000"
"603288","2020-12","01","160.490","31","200.540","130511687","24585112431.000"
"603288","2021-01","04","200.540","29","197.150","118591411","24278542243.000"
"603288","2021-02","01","194.990","26","172.700","108206274","20677105156.000"
"603288","2021-03","01","172.700","31","159.800","125149414","19665482739.000"
"603288","2021-04","01","160.710","30","169.500","101047456","16920540079.000"
"603288","2021-05","06","169.500","31","137.260","104575399","15103588702.000"
"603288","2021-06","01","137.270","30","128.950","107454518","14327250249.000"
"603288","2021-07","01","128.960","30","114.640","163168878","19488332117.000"
"603288","2021-08","02","113.120","31","94.980","142344927","16011086895.000"
"603288","2021-09","01","90.200","30","110.000","214744595","20290737814.000"
"603288","2021-10","08","110.390","29","117.020","109144903","12539973588.000"
"603288","2021-11","01","115.900","30","112.300","121168564","14337450350.000"
"603288","2021-12","01","112.290","31","105.110","139911501","15439225011.000"
"603288","2022-01","04","105.700","28","96.460","92450912","9683867054.000"
"603288","2022-02","07","97.820","28","99.000","68565480","6610490768.000"
"603288","2022-03","01","98.900","31","87.420","132167642","12138881364.000"
"603288","2022-04","01","87.600","29","81.520","100799070","8909641350.000"
"603288","2022-05","05","81.520","31","76.640","143412585","10757276123.000"
"603288","2022-06","01","77.700","30","90.360","189279723","15468356704.000"
"603288","2022-07","01","90.450","29","82.670","123444374","10630540220.000"
"603288","2022-08","01","82.010","31","80.560","110138119","8761134234.000"
"603288","2022-09","01","79.710","30","82.820","114900670","9201121537.000"
"603288","2022-10","10","76.200","31","59.680","160823110","11355481942.000"
"603288","2022-11","01","60.250","30","70.360","163767913","11444394568.000"
"603288","2022-12","01","72.500","30","79.600","135138885","10636941384.000"
